ID,Chimera,DayPostInfection,Dose,RT-PCR, TiterFFU50,TiterFFUMos
1,Chimeric 1,3,1300000,1,300,1800
2,Chimeric 1,3,1300000,1,10000,60000
3,Chimeric 1,3,1300000,0,0,0
4,Chimeric 1,3,1300000,1,100,600
5,Chimeric 1,3,1300000,1,100,600
6,Chimeric 1,3,1300000,1,10,60
7,Chimeric 1,3,1300000,1,1000,6000
8,Chimeric 1,3,1300000,1,10000,60000
9,Chimeric 1,3,1300000,1,200,1200
10,Chimeric 1,3,1300000,1,40,240
11,Chimeric 1,3,1300000,1,100,600
12,Chimeric 1,3,1300000,1,200,1200
13,Chimeric 1,3,1300000,1,100,600
14,Chimeric 1,3,1300000,1,0,0
15,Chimeric 1,3,1300000,1,2000,12000
16,Chimeric 1,3,1300000,1,2000,12000
17,Chimeric 1,3,1300000,1,200,1200
18,Chimeric 1,3,1300000,1,0,0
19,Chimeric 1,3,1300000,1,20000,120000
20,Chimeric 1,3,1300000,1,2000,12000
21,Chimeric 1,3,1300000,1,10000,60000
22,Chimeric 2,3,700000,1,0,0
23,Chimeric 2,3,700000,1,0,0
24,Chimeric 2,3,700000,0,0,0
25,Chimeric 2,3,700000,1,0,0
26,Chimeric 2,3,700000,1,0,0
27,Chimeric 2,3,700000,1,0,0
28,Chimeric 2,3,700000,1,0,0
29,Chimeric 2,3,700000,1,0,0
30,Chimeric 2,3,700000,1,0,0
31,Chimeric 2,3,700000,1,0,0
32,Chimeric 2,3,700000,1,300,1800
33,Chimeric 2,3,700000,0,0,0
34,Chimeric 2,3,700000,1,0,0
35,Chimeric 2,3,700000,0,0,0
36,Chimeric 2,3,700000,1,0,0
37,Chimeric 2,3,700000,0,0,0
38,Chimeric 2,3,700000,1,100,600
39,Chimeric 2,3,700000,0,0,0
40,Chimeric 2,3,700000,1,0,0
41,Chimeric 2,3,700000,1,0,0
42,Chimeric 2,3,700000,1,0,0
43,Chimeric 2,3,700000,1,0,0
44,Chimeric 2,3,700000,1,0,0
45,Chimeric 2,3,700000,0,0,0
46,Chimeric 2,3,700000,1,0,0
47,Chimeric 2,3,700000,1,0,0
48,Chimeric 2,3,700000,0,0,0
49,Chimeric 3,3,1000000,1,0,0
50,Chimeric 3,3,1000000,1,0,0
51,Chimeric 3,3,1000000,0,0,0
52,Chimeric 3,3,1000000,1,0,0
53,Chimeric 3,3,1000000,1,0,0
54,Chimeric 3,3,1000000,0,0,0
55,Chimeric 3,3,1000000,1,0,0
56,Chimeric 3,3,1000000,1,200,1200
57,Chimeric 3,3,1000000,1,0,0
58,Chimeric 3,3,1000000,1,0,0
59,Chimeric 3,3,1000000,1,0,0
60,Chimeric 3,3,1000000,1,0,0
61,Chimeric 3,3,1000000,1,100,600
62,Chimeric 3,3,1000000,1,0,0
63,Chimeric 3,3,1000000,1,200,1200
64,Chimeric 3,3,1000000,1,0,0
65,Chimeric 3,3,1000000,1,100,600
66,Chimeric 3,3,1000000,1,0,0
67,Chimeric 3,3,1000000,1,200,1200
68,Chimeric 3,3,1000000,1,100,600
69,Chimeric 3,3,1000000,1,0,0
70,Chimeric 3,3,1000000,1,20,120
71,Chimeric 3,3,1000000,1,0,0
72,Chimeric 3,3,1000000,1,0,0
73,Chimeric 3,3,1000000,1,100,600
74,Chimeric 4,3,1050000,1,0,0
75,Chimeric 4,3,1050000,1,0,0
76,Chimeric 4,3,1050000,1,100,600
77,Chimeric 4,3,1050000,1,100,600
78,Chimeric 4,3,1050000,1,0,0
79,Chimeric 4,3,1050000,1,100,600
80,Chimeric 4,3,1050000,1,10,60
81,Chimeric 4,3,1050000,1,0,0
82,Chimeric 4,3,1050000,1,0,0
83,Chimeric 4,3,1050000,0,200,1200
84,Chimeric 4,3,1050000,1,0,0
85,Chimeric 4,3,1050000,1,500,3000
86,Chimeric 4,3,1050000,1,0,0
87,Chimeric 4,3,1050000,1,0,0
88,Chimeric 4,3,1050000,1,0,0
89,Chimeric 4,3,1050000,1,0,0
90,Chimeric 4,3,1050000,1,0,0
91,Chimeric 4,3,1050000,0,0,0
92,Chimeric 4,3,1050000,1,0,0
93,Chimeric 4,3,1050000,1,0,0
94,Chimeric 4,3,1050000,1,200,1200
95,Chimeric 4,3,1050000,0,100,600
96,Chimeric 4,3,1050000,1,60,360
97,Chimeric 4,3,1050000,0,0,0
98,Chimeric 4,3,1050000,0,0,0
99,Chimeric 4,3,1050000,0,20,120
100,Chimeric 5,3,6000000,1,10,60
101,Chimeric 5,3,6000000,1,0,0
102,Chimeric 5,3,6000000,1,20,120
103,Chimeric 5,3,6000000,1,0,0
104,Chimeric 5,3,6000000,1,0,0
105,Chimeric 5,3,6000000,1,30,180
106,Chimeric 5,3,6000000,1,30,180
107,Chimeric 5,3,6000000,1,200,1200
108,Chimeric 5,3,6000000,1,0,0
109,Chimeric 5,3,6000000,1,20,120
110,Chimeric 5,3,6000000,1,10,60
111,Chimeric 5,3,6000000,1,20,120
112,Chimeric 5,3,6000000,1,0,0
113,Chimeric 5,3,6000000,1,10,60
114,Chimeric 5,3,6000000,1,10,60
115,Chimeric 5,3,6000000,1,0,0
116,Chimeric 5,3,6000000,1,0,0
117,Chimeric 5,3,6000000,1,0,0
118,Chimeric 5,3,6000000,1,0,0
119,Chimeric 6,3,1600000,1,300,1800
120,Chimeric 6,3,1600000,0,0,0
121,Chimeric 6,3,1600000,1,30,180
122,Chimeric 6,3,1600000,1,0,0
123,Chimeric 6,3,1600000,1,0,0
124,Chimeric 6,3,1600000,1,0,0
125,Chimeric 6,3,1600000,1,20,120
126,Chimeric 6,3,1600000,1,0,0
127,Chimeric 6,3,1600000,1,0,0
128,Chimeric 6,3,1600000,1,0,0
129,Chimeric 6,3,1600000,0,0,0
130,Chimeric 6,3,1600000,1,0,0
131,Chimeric 6,3,1600000,1,0,0
132,Chimeric 6,3,1600000,1,0,0
133,Chimeric 6,3,1600000,1,0,0
134,Chimeric 6,3,1600000,1,0,0
135,Chimeric 6,3,1600000,1,0,0
136,Chimeric 6,3,1600000,0,0,0
137,Chimeric 6,3,1600000,1,100,600
138,Chimeric 6,3,1600000,1,0,0
139,Chimeric 6,3,1600000,0,0,0
140,Chimeric 6,3,1600000,1,0,0
141,Chimeric 6,3,1600000,1,10,60
142,Chimeric 6,3,1600000,1,0,0
143,Chimeric 6,3,1600000,1,0,0
144,Chimeric 7,3,1050000,1,10000,60000
145,Chimeric 7,3,1050000,1,10000,60000
146,Chimeric 7,3,1050000,1,10000,60000
147,Chimeric 7,3,1050000,1,2000,12000
148,Chimeric 7,3,1050000,1,2000,12000
149,Chimeric 7,3,1050000,1,100,600
150,Chimeric 7,3,1050000,1,10000,60000
151,Chimeric 7,3,1050000,1,100000,600000
152,Chimeric 7,3,1050000,1,10000,60000
153,Chimeric 7,3,1050000,1,400,2400
154,Chimeric 7,3,1050000,1,1000,6000
155,Chimeric 7,3,1050000,1,0,0
156,Chimeric 7,3,1050000,1,20,120
157,Chimeric 7,3,1050000,1,10000,60000
158,Chimeric 7,3,1050000,1,100,600
159,Chimeric 7,3,1050000,1,1000,6000
160,Chimeric 7,3,1050000,1,1000,6000
161,Chimeric 7,3,1050000,1,100000,600000
162,Chimeric 7,3,1050000,1,0,0
163,Chimeric 7,3,1050000,1,2000,12000
164,Chimeric 7,3,1050000,1,60,360
165,Chimeric 7,3,1050000,1,0,0
166,Chimeric 7,3,1050000,1,1000,6000
167,Chimeric 7,3,1050000,1,100,600
168,Chimeric 7,3,1050000,1,1000,6000
169,Chimeric 7,3,1050000,1,2000,12000
170,Chimeric 8,3,2000000,0,0,0
171,Chimeric 8,3,2000000,1,0,0
172,Chimeric 8,3,2000000,1,20,120
173,Chimeric 8,3,2000000,1,0,0
174,Chimeric 8,3,2000000,1,10,60
175,Chimeric 8,3,2000000,0,0,0
176,Chimeric 8,3,2000000,1,0,0
177,Chimeric 8,3,2000000,1,0,0
178,Chimeric 8,3,2000000,0,0,0
179,Chimeric 8,3,2000000,1,0,0
180,Chimeric 1,3,50000,1,100,600
181,Chimeric 1,3,50000,1,0,0
182,Chimeric 1,3,50000,1,0,0
183,Chimeric 1,3,50000,0,0,0
184,Chimeric 1,3,50000,1,30,180
185,Chimeric 1,3,50000,1,0,0
186,Chimeric 1,3,50000,1,0,0
187,Chimeric 1,3,50000,1,0,0
188,Chimeric 1,3,50000,1,10,60
189,Chimeric 1,3,50000,1,0,0
190,Chimeric 1,3,50000,1,0,0
191,Chimeric 1,3,50000,1,100,600
192,Chimeric 1,3,50000,1,0,0
193,Chimeric 1,3,50000,1,0,0
194,Chimeric 1,3,50000,1,0,0
195,Chimeric 1,3,50000,1,300,1800
196,Chimeric 1,3,50000,1,0,0
197,Chimeric 1,3,50000,1,30,180
198,Chimeric 1,3,50000,1,0,0
199,Chimeric 1,3,50000,1,0,0
200,Chimeric 1,3,50000,1,0,0
201,Chimeric 1,3,50000,1,0,0
202,Chimeric 1,3,50000,1,0,0
203,Chimeric 1,3,50000,1,0,0
204,Chimeric 1,3,50000,1,0,0
205,Chimeric 1,3,50000,1,200,1200
206,Chimeric 1,3,50000,1,10,60
207,Chimeric 1,3,50000,0,0,0
208,Chimeric 1,3,50000,1,100,600
209,Chimeric 1,3,50000,1,100,600
210,Chimeric 1,3,50000,1,10,60
211,Chimeric 1,3,50000,1,10,60
212,Chimeric 1,3,50000,0,0,0
213,Chimeric 1,3,50000,1,0,0
214,Chimeric 1,3,50000,1,0,0
215,Chimeric 1,3,50000,0,0,0
216,Chimeric 1,3,50000,0,0,0
217,Chimeric 2,3,40000,0,0,0
218,Chimeric 2,3,40000,0,0,0
219,Chimeric 2,3,40000,0,0,0
220,Chimeric 2,3,40000,0,0,0
221,Chimeric 2,3,40000,0,0,0
222,Chimeric 2,3,40000,0,0,0
223,Chimeric 2,3,40000,0,0,0
224,Chimeric 2,3,40000,0,0,0
225,Chimeric 2,3,40000,0,0,0
226,Chimeric 2,3,40000,0,0,0
227,Chimeric 2,3,40000,0,0,0
228,Chimeric 2,3,40000,0,0,0
229,Chimeric 2,3,40000,0,0,0
230,Chimeric 2,3,40000,0,0,0
231,Chimeric 2,3,40000,1,0,0
232,Chimeric 2,3,40000,1,0,0
233,Chimeric 2,3,40000,0,0,0
234,Chimeric 2,3,40000,0,0,0
235,Chimeric 2,3,40000,0,0,0
236,Chimeric 2,3,40000,0,0,0
237,Chimeric 2,3,40000,0,0,0
238,Chimeric 2,3,40000,0,0,0
239,Chimeric 2,3,40000,1,0,0
240,Chimeric 2,3,40000,1,0,0
241,Chimeric 2,3,40000,0,0,0
242,Chimeric 2,3,40000,0,0,0
243,Chimeric 2,3,40000,0,0,0
244,Chimeric 2,3,40000,0,0,0
245,Chimeric 3,3,60000,0,0,0
246,Chimeric 3,3,60000,0,0,0
247,Chimeric 3,3,60000,0,0,0
248,Chimeric 3,3,60000,0,0,0
249,Chimeric 3,3,60000,1,0,0
250,Chimeric 3,3,60000,1,10,60
251,Chimeric 3,3,60000,0,0,0
252,Chimeric 3,3,60000,0,0,0
253,Chimeric 3,3,60000,0,0,0
254,Chimeric 3,3,60000,1,10,60
255,Chimeric 3,3,60000,0,0,0
256,Chimeric 3,3,60000,1,0,0
257,Chimeric 3,3,60000,1,0,0
258,Chimeric 3,3,60000,0,0,0
259,Chimeric 3,3,60000,0,0,0
260,Chimeric 3,3,60000,0,0,0
261,Chimeric 3,3,60000,0,0,0
262,Chimeric 3,3,60000,0,0,0
263,Chimeric 3,3,60000,0,0,0
264,Chimeric 3,3,60000,0,0,0
265,Chimeric 3,3,60000,0,0,0
266,Chimeric 3,3,60000,1,0,0
267,Chimeric 3,3,60000,1,0,0
268,Chimeric 3,3,60000,1,0,0
269,Chimeric 3,3,60000,1,0,0
270,Chimeric 3,3,60000,0,0,0
271,Chimeric 3,3,60000,0,0,0
272,Chimeric 4,3,40000,0,0,0
273,Chimeric 4,3,40000,0,0,0
274,Chimeric 4,3,40000,0,0,0
275,Chimeric 4,3,40000,1,10,60
276,Chimeric 4,3,40000,1,0,0
277,Chimeric 4,3,40000,1,0,0
278,Chimeric 4,3,40000,0,0,0
279,Chimeric 4,3,40000,0,0,0
280,Chimeric 4,3,40000,1,0,0
281,Chimeric 4,3,40000,1,0,0
282,Chimeric 4,3,40000,1,100,600
283,Chimeric 4,3,40000,0,0,0
284,Chimeric 4,3,40000,0,0,0
285,Chimeric 4,3,40000,0,0,0
286,Chimeric 4,3,40000,1,0,0
287,Chimeric 4,3,40000,1,0,0
288,Chimeric 4,3,40000,1,0,0
289,Chimeric 4,3,40000,0,0,0
290,Chimeric 4,3,40000,1,0,0
291,Chimeric 4,3,40000,0,0,0
292,Chimeric 4,3,40000,1,0,0
293,Chimeric 4,3,40000,0,0,0
294,Chimeric 4,3,40000,0,0,0
295,Chimeric 4,3,40000,0,0,0
296,Chimeric 4,3,40000,0,0,0
297,Chimeric 4,3,40000,0,0,0
298,Chimeric 5,3,400000,1,0,0
299,Chimeric 5,3,400000,1,0,0
300,Chimeric 5,3,400000,0,0,0
301,Chimeric 5,3,400000,1,0,0
302,Chimeric 5,3,400000,1,0,0
303,Chimeric 5,3,400000,1,0,0
304,Chimeric 5,3,400000,1,0,0
305,Chimeric 6,3,100000,0,0,0
306,Chimeric 6,3,100000,0,0,0
307,Chimeric 6,3,100000,0,0,0
308,Chimeric 6,3,100000,0,0,0
309,Chimeric 6,3,100000,0,0,0
310,Chimeric 6,3,100000,0,0,0
311,Chimeric 6,3,100000,0,0,0
312,Chimeric 6,3,100000,0,0,0
313,Chimeric 6,3,100000,0,0,0
314,Chimeric 6,3,100000,1,0,0
315,Chimeric 6,3,100000,1,0,0
316,Chimeric 6,3,100000,0,0,0
317,Chimeric 6,3,100000,1,0,0
318,Chimeric 6,3,100000,0,0,0
319,Chimeric 6,3,100000,0,0,0
320,Chimeric 6,3,100000,0,0,0
321,Chimeric 6,3,100000,0,0,0
322,Chimeric 6,3,100000,0,0,0
323,Chimeric 6,3,100000,0,0,0
324,Chimeric 6,3,100000,0,0,0
325,Chimeric 6,3,100000,0,0,0
326,Chimeric 6,3,100000,0,0,0
327,Chimeric 6,3,100000,0,0,0
328,Chimeric 6,3,100000,0,0,0
329,Chimeric 6,3,100000,0,0,0
330,Chimeric 6,3,100000,0,0,0
331,Chimeric 6,3,100000,0,0,0
332,Chimeric 6,3,100000,0,0,0
333,Chimeric 6,3,100000,0,0,0
334,Chimeric 6,3,100000,1,0,0
335,Chimeric 6,3,100000,0,0,0
336,Chimeric 6,3,100000,0,0,0
337,Chimeric 6,3,100000,1,0,0
338,Chimeric 6,3,100000,0,0,0
339,Chimeric 6,3,100000,0,0,0
340,Chimeric 6,3,100000,0,0,0
341,Chimeric 7,3,80000,0,0,0
342,Chimeric 7,3,80000,1,10000,60000
343,Chimeric 7,3,80000,0,0,0
344,Chimeric 7,3,80000,1,100,600
345,Chimeric 7,3,80000,0,0,0
346,Chimeric 7,3,80000,1,100,600
347,Chimeric 7,3,80000,1,100,600
348,Chimeric 7,3,80000,1,100,600
349,Chimeric 7,3,80000,1,200,1200
350,Chimeric 7,3,80000,1,0,0
351,Chimeric 7,3,80000,1,10000,60000
352,Chimeric 7,3,80000,1,0,0
353,Chimeric 7,3,80000,0,100,600
354,Chimeric 7,3,80000,0,0,0
355,Chimeric 7,3,80000,1,0,0
356,Chimeric 7,3,80000,0,0,0
357,Chimeric 7,3,80000,1,100,600
358,Chimeric 7,3,80000,1,0,0
359,Chimeric 7,3,80000,1,0,0
360,Chimeric 7,3,80000,1,0,0
361,Chimeric 7,3,80000,1,0,0
362,Chimeric 7,3,80000,1,0,0
363,Chimeric 7,3,80000,1,0,0
364,Chimeric 7,3,80000,0,0,0
365,Chimeric 7,3,80000,1,0,0
366,Chimeric 7,3,80000,1,0,0
367,Chimeric 7,3,80000,0,0,0
368,Chimeric 8,3,60000,0,0,0
369,Chimeric 8,3,60000,1,0,0
370,Chimeric 8,3,60000,0,0,0
371,Chimeric 8,3,60000,0,0,0
372,Chimeric 8,3,60000,0,0,0
373,Chimeric 8,3,60000,0,0,0
374,Chimeric 8,3,60000,0,0,0
375,Chimeric 8,3,60000,0,0,0
376,Chimeric 8,3,60000,0,0,0
377,Chimeric 8,3,60000,0,0,0
378,Chimeric 8,3,60000,0,0,0
379,Chimeric 8,3,60000,0,0,0
380,Chimeric 8,3,60000,0,0,0
381,Chimeric 8,3,60000,0,0,0
382,Chimeric 8,3,60000,0,0,0
383,Chimeric 8,3,60000,0,0,0
384,Chimeric 8,3,60000,0,0,0
385,Chimeric 8,3,60000,0,0,0
386,Chimeric 8,3,60000,0,0,0
387,Chimeric 8,3,60000,0,0,0
388,Chimeric 8,3,60000,0,0,0
389,Chimeric 8,3,60000,0,0,0
390,Chimeric 8,3,60000,0,0,0
391,Chimeric 8,3,60000,0,0,0
392,Chimeric 8,3,60000,0,0,0
393,Chimeric 1,3,14000,1,0,0
394,Chimeric 1,3,14000,1,100,600
395,Chimeric 1,3,14000,0,0,0
396,Chimeric 1,3,14000,0,0,0
397,Chimeric 1,3,14000,1,0,0
398,Chimeric 1,3,14000,0,0,0
399,Chimeric 1,3,14000,1,0,0
400,Chimeric 1,3,14000,0,0,0
401,Chimeric 1,3,14000,1,0,0
402,Chimeric 1,3,14000,0,0,0
403,Chimeric 1,3,14000,0,0,0
404,Chimeric 1,3,14000,1,0,0
405,Chimeric 1,3,14000,1,0,0
406,Chimeric 1,3,14000,0,0,0
407,Chimeric 1,3,14000,0,0,0
408,Chimeric 1,3,14000,0,400,2400
409,Chimeric 1,3,14000,1,0,0
410,Chimeric 1,3,14000,0,0,0
411,Chimeric 1,3,14000,1,0,0
412,Chimeric 1,3,14000,1,0,0
413,Chimeric 1,3,14000,0,0,0
414,Chimeric 1,3,14000,1,0,0
415,Chimeric 1,3,14000,1,0,0
416,Chimeric 1,3,14000,1,0,0
417,Chimeric 1,3,14000,0,0,0
418,Chimeric 1,3,14000,1,10,60
419,Chimeric 1,3,14000,0,0,0
420,Chimeric 1,3,14000,0,0,0
421,Chimeric 1,3,14000,0,0,0
422,Chimeric 2,3,20000,0,0,0
423,Chimeric 2,3,20000,0,0,0
424,Chimeric 2,3,20000,0,0,0
425,Chimeric 2,3,20000,0,0,0
426,Chimeric 2,3,20000,0,0,0
427,Chimeric 2,3,20000,0,0,0
428,Chimeric 2,3,20000,0,0,0
429,Chimeric 2,3,20000,0,0,0
430,Chimeric 2,3,20000,0,0,0
431,Chimeric 2,3,20000,0,0,0
432,Chimeric 2,3,20000,0,0,0
433,Chimeric 2,3,20000,0,0,0
434,Chimeric 2,3,20000,0,0,0
435,Chimeric 2,3,20000,0,0,0
436,Chimeric 2,3,20000,0,0,0
437,Chimeric 2,3,20000,0,0,0
438,Chimeric 2,3,20000,0,0,0
439,Chimeric 2,3,20000,0,0,0
440,Chimeric 2,3,20000,0,0,0
441,Chimeric 2,3,20000,0,0,0
442,Chimeric 2,3,20000,0,0,0
443,Chimeric 2,3,20000,0,0,0
444,Chimeric 2,3,20000,0,0,0
445,Chimeric 2,3,20000,0,0,0
446,Chimeric 2,3,20000,0,0,0
447,Chimeric 2,3,20000,0,0,0
448,Chimeric 2,3,20000,0,0,0
449,Chimeric 3,3,10000,0,0,0
450,Chimeric 3,3,10000,0,0,0
451,Chimeric 3,3,10000,0,0,0
452,Chimeric 3,3,10000,0,0,0
453,Chimeric 3,3,10000,0,0,0
454,Chimeric 3,3,10000,0,0,0
455,Chimeric 3,3,10000,0,0,0
456,Chimeric 3,3,10000,0,0,0
457,Chimeric 3,3,10000,0,0,0
458,Chimeric 3,3,10000,0,0,0
459,Chimeric 3,3,10000,0,0,0
460,Chimeric 3,3,10000,0,0,0
461,Chimeric 3,3,10000,0,0,0
462,Chimeric 3,3,10000,0,0,0
463,Chimeric 3,3,10000,0,0,0
464,Chimeric 3,3,10000,0,0,0
465,Chimeric 3,3,10000,0,0,0
466,Chimeric 3,3,10000,0,0,0
467,Chimeric 3,3,10000,0,0,0
468,Chimeric 3,3,10000,0,0,0
469,Chimeric 3,3,10000,0,0,0
470,Chimeric 3,3,10000,0,0,0
471,Chimeric 3,3,10000,0,0,0
472,Chimeric 3,3,10000,0,0,0
473,Chimeric 3,3,10000,0,0,0
474,Chimeric 3,3,10000,0,0,0
475,Chimeric 3,3,10000,0,0,0
476,Chimeric 3,3,10000,0,0,0
477,Chimeric 3,3,10000,0,0,0
478,Chimeric 3,3,10000,0,0,0
479,Chimeric 3,3,10000,1,0,0
480,Chimeric 3,3,10000,0,0,0
481,Chimeric 3,3,10000,0,0,0
482,Chimeric 3,3,10000,0,0,0
483,Chimeric 3,3,10000,0,0,0
484,Chimeric 3,3,10000,0,0,0
485,Chimeric 3,3,10000,0,0,0
486,Chimeric 3,3,10000,0,0,0
487,Chimeric 3,3,10000,0,0,0
488,Chimeric 3,3,10000,0,0,0
489,Chimeric 3,3,10000,0,0,0
490,Chimeric 3,3,10000,0,0,0
491,Chimeric 4,3,10000,0,0,0
492,Chimeric 4,3,10000,0,0,0
493,Chimeric 4,3,10000,0,0,0
494,Chimeric 4,3,10000,0,0,0
495,Chimeric 4,3,10000,0,0,0
496,Chimeric 4,3,10000,0,0,0
497,Chimeric 4,3,10000,0,0,0
498,Chimeric 4,3,10000,0,0,0
499,Chimeric 4,3,10000,0,0,0
500,Chimeric 4,3,10000,0,0,0
501,Chimeric 4,3,10000,0,0,0
502,Chimeric 4,3,10000,0,0,0
503,Chimeric 4,3,10000,0,0,0
504,Chimeric 4,3,10000,0,0,0
505,Chimeric 4,3,10000,0,0,0
506,Chimeric 4,3,10000,1,0,0
507,Chimeric 4,3,10000,0,0,0
508,Chimeric 4,3,10000,0,0,0
509,Chimeric 4,3,10000,0,0,0
510,Chimeric 4,3,10000,0,0,0
511,Chimeric 4,3,10000,0,0,0
512,Chimeric 4,3,10000,1,0,0
513,Chimeric 4,3,10000,0,0,0
514,Chimeric 4,3,10000,0,0,0
515,Chimeric 4,3,10000,0,0,0
516,Chimeric 4,3,10000,0,0,0
517,Chimeric 4,3,10000,0,0,0
518,Chimeric 4,3,10000,0,0,0
519,Chimeric 4,3,10000,0,0,0
520,Chimeric 5,3,200000,1,0,0
521,Chimeric 5,3,200000,0,0,0
522,Chimeric 5,3,200000,0,0,0
523,Chimeric 5,3,200000,1,0,0
524,Chimeric 5,3,200000,0,0,0
525,Chimeric 5,3,200000,0,0,0
526,Chimeric 5,3,200000,1,0,0
527,Chimeric 5,3,200000,1,0,0
528,Chimeric 5,3,200000,1,0,0
529,Chimeric 5,3,200000,1,0,0
530,Chimeric 5,3,200000,1,0,0
531,Chimeric 5,3,200000,0,0,0
532,Chimeric 5,3,200000,0,0,0
533,Chimeric 5,3,200000,0,0,0
534,Chimeric 5,3,200000,0,0,0
535,Chimeric 5,3,200000,0,0,0
536,Chimeric 5,3,200000,0,0,0
537,Chimeric 5,3,200000,0,0,0
538,Chimeric 5,3,200000,0,0,0
539,Chimeric 5,3,200000,0,0,0
540,Chimeric 6,3,20000,0,0,0
541,Chimeric 6,3,20000,0,0,0
542,Chimeric 6,3,20000,0,0,0
543,Chimeric 6,3,20000,0,0,0
544,Chimeric 6,3,20000,0,0,0
545,Chimeric 6,3,20000,0,0,0
546,Chimeric 6,3,20000,0,0,0
547,Chimeric 6,3,20000,0,0,0
548,Chimeric 6,3,20000,0,0,0
549,Chimeric 6,3,20000,0,0,0
550,Chimeric 6,3,20000,0,0,0
551,Chimeric 6,3,20000,0,0,0
552,Chimeric 6,3,20000,0,0,0
553,Chimeric 6,3,20000,0,0,0
554,Chimeric 6,3,20000,0,0,0
555,Chimeric 6,3,20000,0,0,0
556,Chimeric 6,3,20000,0,0,0
557,Chimeric 6,3,20000,0,0,0
558,Chimeric 6,3,20000,0,0,0
559,Chimeric 6,3,20000,0,0,0
560,Chimeric 6,3,20000,0,0,0
561,Chimeric 6,3,20000,0,0,0
562,Chimeric 6,3,20000,0,0,0
563,Chimeric 6,3,20000,0,0,0
564,Chimeric 6,3,20000,0,0,0
565,Chimeric 6,3,20000,0,0,0
566,Chimeric 6,3,20000,0,0,0
567,Chimeric 6,3,20000,0,0,0
568,Chimeric 6,3,20000,0,0,0
569,Chimeric 6,3,20000,0,0,0
570,Chimeric 6,3,20000,0,0,0
571,Chimeric 7,3,6000,1,0,0
572,Chimeric 7,3,6000,0,300,1800
573,Chimeric 7,3,6000,0,0,0
574,Chimeric 7,3,6000,1,0,0
575,Chimeric 7,3,6000,0,0,0
576,Chimeric 7,3,6000,0,0,0
577,Chimeric 7,3,6000,1,100,600
578,Chimeric 7,3,6000,0,0,0
579,Chimeric 7,3,6000,0,0,0
580,Chimeric 7,3,6000,0,0,0
581,Chimeric 7,3,6000,0,0,0
582,Chimeric 7,3,6000,1,100,600
583,Chimeric 7,3,6000,0,0,0
584,Chimeric 7,3,6000,0,0,0
585,Chimeric 7,3,6000,0,0,0
586,Chimeric 7,3,6000,1,10,60
587,Chimeric 7,3,6000,0,0,0
588,Chimeric 7,3,6000,0,0,0
589,Chimeric 7,3,6000,0,0,0
590,Chimeric 7,3,6000,0,0,0
591,Chimeric 7,3,6000,0,0,0
592,Chimeric 7,3,6000,0,0,0
593,Chimeric 7,3,6000,0,0,0
594,Chimeric 7,3,6000,0,0,0
595,Chimeric 7,3,6000,1,60,360
596,Chimeric 7,3,6000,0,0,0
597,Chimeric 7,3,6000,1,0,0
598,Chimeric 8,3,10000,0,0,0
599,Chimeric 8,3,10000,0,0,0
600,Chimeric 8,3,10000,0,0,0
601,Chimeric 8,3,10000,0,0,0
602,Chimeric 8,3,10000,0,0,0
603,Chimeric 8,3,10000,0,0,0
604,Chimeric 8,3,10000,0,0,0
605,Chimeric 8,3,10000,0,0,0
606,Chimeric 8,3,10000,0,0,0
607,Chimeric 8,3,10000,0,0,0
608,Chimeric 8,3,10000,0,0,0
609,Chimeric 8,3,10000,0,0,0
610,Chimeric 8,3,10000,0,0,0
611,Chimeric 8,3,10000,0,0,0
612,Chimeric 8,3,10000,0,0,0
613,Chimeric 8,3,10000,0,0,0
614,Chimeric 8,3,10000,0,0,0
615,Chimeric 8,3,10000,0,0,0
616,Chimeric 8,3,10000,0,0,0
617,Chimeric 8,3,10000,0,0,0
618,Chimeric 8,3,10000,0,0,0
619,Chimeric 8,3,10000,0,0,0
620,Chimeric 8,3,10000,0,0,0
621,Chimeric 8,3,10000,0,0,0
622,Chimeric 8,3,10000,0,0,0
623,Chimeric 8,3,10000,0,0,0
624,Chimeric 8,3,10000,0,0,0
625,Chimeric 8,3,10000,0,0,0
626,Chimeric 8,3,10000,0,0,0
627,Chimeric 1,7,1300000,1,20000,120000
628,Chimeric 1,7,1300000,1,30000,180000
629,Chimeric 1,7,1300000,1,600000,3600000
630,Chimeric 1,7,1300000,1,10000,60000
631,Chimeric 1,7,1300000,1,6000,36000
632,Chimeric 1,7,1300000,1,5000,30000
633,Chimeric 1,7,1300000,1,3000,18000
634,Chimeric 1,7,1300000,1,2000,12000
635,Chimeric 1,7,1300000,1,7000,42000
636,Chimeric 1,7,1300000,1,4500,27000
637,Chimeric 1,7,1300000,1,3600,21600
638,Chimeric 1,7,1300000,1,8500,51000
639,Chimeric 1,7,1300000,1,1000,6000
640,Chimeric 1,7,1300000,1,4000,24000
641,Chimeric 1,7,1300000,1,2500,15000
642,Chimeric 1,7,1300000,1,2000,12000
643,Chimeric 1,7,1300000,1,2500,15000
644,Chimeric 1,7,1300000,1,1000,6000
645,Chimeric 1,7,1300000,1,8500,51000
646,Chimeric 2,7,700000,1,200,1200
647,Chimeric 2,7,700000,1,0,0
648,Chimeric 2,7,700000,1,0,0
649,Chimeric 2,7,700000,1,0,0
650,Chimeric 2,7,700000,1,0,0
651,Chimeric 2,7,700000,1,300,1800
652,Chimeric 2,7,700000,1,500,3000
653,Chimeric 2,7,700000,1,1200,7200
654,Chimeric 2,7,700000,1,4000,24000
655,Chimeric 2,7,700000,0,40,240
656,Chimeric 2,7,700000,1,55,330
657,Chimeric 2,7,700000,1,20,120
658,Chimeric 2,7,700000,1,10,60
659,Chimeric 2,7,700000,1,10,60
660,Chimeric 2,7,700000,1,300,1800
661,Chimeric 2,7,700000,0,0,0
662,Chimeric 2,7,700000,1,0,0
663,Chimeric 2,7,700000,0,0,0
664,Chimeric 2,7,700000,0,0,0
665,Chimeric 2,7,700000,0,100,600
666,Chimeric 2,7,700000,1,300,1800
667,Chimeric 2,7,700000,1,0,0
668,Chimeric 2,7,700000,1,0,0
669,Chimeric 2,7,700000,1,130,780
670,Chimeric 2,7,700000,1,200,1200
671,Chimeric 2,7,700000,1,100,600
672,Chimeric 3,7,1000000,1,120,720
673,Chimeric 3,7,1000000,1,3000,18000
674,Chimeric 3,7,1000000,1,240,1440
675,Chimeric 3,7,1000000,1,500,3000
676,Chimeric 3,7,1000000,1,340,2040
677,Chimeric 3,7,1000000,0,0,0
678,Chimeric 3,7,1000000,1,0,0
679,Chimeric 3,7,1000000,1,4000,24000
680,Chimeric 3,7,1000000,1,400,2400
681,Chimeric 3,7,1000000,1,700,4200
682,Chimeric 3,7,1000000,1,250,1500
683,Chimeric 3,7,1000000,1,140,840
684,Chimeric 3,7,1000000,1,1000,6000
685,Chimeric 3,7,1000000,1,300,1800
686,Chimeric 3,7,1000000,1,1000,6000
687,Chimeric 3,7,1000000,1,4000,24000
688,Chimeric 3,7,1000000,1,1000,6000
689,Chimeric 3,7,1000000,1,600,3600
690,Chimeric 3,7,1000000,0,0,0
691,Chimeric 3,7,1000000,1,600,3600
692,Chimeric 3,7,1000000,1,3000,18000
693,Chimeric 3,7,1000000,1,700,4200
694,Chimeric 3,7,1000000,1,100,600
695,Chimeric 3,7,1000000,1,1000,6000
696,Chimeric 3,7,1000000,1,0,0
697,Chimeric 3,7,1000000,1,0,0
698,Chimeric 3,7,1000000,0,0,0
699,Chimeric 3,7,1000000,1,0,0
700,Chimeric 3,7,1000000,1,4000,24000
701,Chimeric 3,7,1000000,1,0,0
702,Chimeric 3,7,1000000,1,0,0
703,Chimeric 4,7,1050000,1,5000,30000
704,Chimeric 4,7,1050000,1,30000,180000
705,Chimeric 4,7,1050000,1,2000,12000
706,Chimeric 4,7,1050000,1,3500,21000
707,Chimeric 4,7,1050000,1,9000,54000
708,Chimeric 4,7,1050000,1,4000,24000
709,Chimeric 4,7,1050000,1,2000,12000
710,Chimeric 4,7,1050000,1,2000,12000
711,Chimeric 4,7,1050000,1,2000,12000
712,Chimeric 4,7,1050000,1,4000,24000
713,Chimeric 4,7,1050000,1,7000,42000
714,Chimeric 4,7,1050000,1,14000,84000
715,Chimeric 4,7,1050000,1,20,120
716,Chimeric 4,7,1050000,1,10,60
717,Chimeric 4,7,1050000,1,0,0
718,Chimeric 4,7,1050000,1,30,180
719,Chimeric 4,7,1050000,1,20,120
720,Chimeric 4,7,1050000,1,20,120
721,Chimeric 4,7,1050000,1,70,420
722,Chimeric 4,7,1050000,1,50,300
723,Chimeric 4,7,1050000,1,250,1500
724,Chimeric 4,7,1050000,0,0,0
725,Chimeric 4,7,1050000,1,1000,6000
726,Chimeric 5,7,6000000,1,6000,36000
727,Chimeric 5,7,6000000,1,4000,24000
728,Chimeric 5,7,6000000,1,3000,18000
729,Chimeric 5,7,6000000,1,200,1200
730,Chimeric 5,7,6000000,1,2000,12000
731,Chimeric 5,7,6000000,1,1000,6000
732,Chimeric 5,7,6000000,1,1000,6000
733,Chimeric 5,7,6000000,1,2000,12000
734,Chimeric 5,7,6000000,1,4000,24000
735,Chimeric 5,7,6000000,1,2000,12000
736,Chimeric 5,7,6000000,1,3000,18000
737,Chimeric 5,7,6000000,1,6000,36000
738,Chimeric 5,7,6000000,1,100,600
739,Chimeric 5,7,6000000,1,2000,12000
740,Chimeric 5,7,6000000,1,2000,12000
741,Chimeric 5,7,6000000,1,3000,18000
742,Chimeric 5,7,6000000,1,4000,24000
743,Chimeric 5,7,6000000,1,2000,12000
744,Chimeric 5,7,6000000,1,2000,12000
745,Chimeric 5,7,6000000,1,2000,12000
746,Chimeric 5,7,6000000,1,1000,6000
747,Chimeric 6,7,1600000,1,200,1200
748,Chimeric 6,7,1600000,1,0,0
749,Chimeric 6,7,1600000,1,2000,12000
750,Chimeric 6,7,1600000,1,100,600
751,Chimeric 6,7,1600000,1,900,5400
752,Chimeric 6,7,1600000,1,0,0
753,Chimeric 6,7,1600000,1,0,0
754,Chimeric 6,7,1600000,1,0,0
755,Chimeric 6,7,1600000,1,50,300
756,Chimeric 6,7,1600000,1,1000,6000
757,Chimeric 6,7,1600000,1,60,360
758,Chimeric 6,7,1600000,1,300,1800
759,Chimeric 6,7,1600000,1,2000,12000
760,Chimeric 6,7,1600000,1,0,0
761,Chimeric 6,7,1600000,1,300,1800
762,Chimeric 6,7,1600000,1,0,0
763,Chimeric 6,7,1600000,0,0,0
764,Chimeric 6,7,1600000,1,250,1500
765,Chimeric 6,7,1600000,1,10,60
766,Chimeric 6,7,1600000,1,0,0
767,Chimeric 6,7,1600000,1,400,2400
768,Chimeric 6,7,1600000,1,0,0
769,Chimeric 6,7,1600000,1,0,0
770,Chimeric 6,7,1600000,1,200,1200
771,Chimeric 6,7,1600000,1,200,1200
772,Chimeric 6,7,1600000,1,1000,6000
773,Chimeric 6,7,1600000,1,0,0
774,Chimeric 6,7,1600000,1,0,0
775,Chimeric 6,7,1600000,1,400,2400
776,Chimeric 6,7,1600000,1,70,420
777,Chimeric 6,7,1600000,1,200,1200
778,Chimeric 6,7,1600000,0,0,0
779,Chimeric 6,7,1600000,1,10,60
780,Chimeric 6,7,1600000,1,0,0
781,Chimeric 6,7,1600000,1,0,0
782,Chimeric 7,7,1050000,1,300000,1800000
783,Chimeric 7,7,1050000,1,40000,240000
784,Chimeric 7,7,1050000,0,100,600
785,Chimeric 7,7,1050000,1,800,4800
786,Chimeric 7,7,1050000,1,3000,18000
787,Chimeric 7,7,1050000,1,5000,30000
788,Chimeric 7,7,1050000,1,800,4800
789,Chimeric 7,7,1050000,1,1500,9000
790,Chimeric 7,7,1050000,1,1500,9000
791,Chimeric 7,7,1050000,1,300,1800
792,Chimeric 7,7,1050000,1,1000,6000
793,Chimeric 7,7,1050000,1,200,1200
794,Chimeric 7,7,1050000,1,6000,36000
795,Chimeric 7,7,1050000,1,400,2400
796,Chimeric 7,7,1050000,1,5000,30000
797,Chimeric 7,7,1050000,1,200,1200
798,Chimeric 7,7,1050000,1,2000,12000
799,Chimeric 7,7,1050000,1,600,3600
800,Chimeric 7,7,1050000,1,3000,18000
801,Chimeric 7,7,1050000,1,1000,6000
802,Chimeric 7,7,1050000,1,1000,6000
803,Chimeric 7,7,1050000,1,1000,6000
804,Chimeric 7,7,1050000,1,4000,24000
805,Chimeric 7,7,1050000,1,4000,24000
806,Chimeric 7,7,1050000,1,4000,24000
807,Chimeric 7,7,1050000,1,40,240
808,Chimeric 7,7,1050000,1,3000,18000
809,Chimeric 7,7,1050000,1,2000,12000
810,Chimeric 7,7,1050000,1,5000,30000
811,Chimeric 8,7,2000000,0,0,0
812,Chimeric 8,7,2000000,1,30,180
813,Chimeric 8,7,2000000,1,0,0
814,Chimeric 8,7,2000000,1,0,0
815,Chimeric 8,7,2000000,1,0,0
816,Chimeric 8,7,2000000,1,0,0
817,Chimeric 8,7,2000000,1,0,0
818,Chimeric 8,7,2000000,1,0,0
819,Chimeric 8,7,2000000,0,0,0
820,Chimeric 8,7,2000000,1,20,120
821,Chimeric 8,7,2000000,1,70,420
822,Chimeric 8,7,2000000,1,0,0
823,Chimeric 8,7,2000000,1,0,0
824,Chimeric 8,7,2000000,1,0,0
825,Chimeric 8,7,2000000,1,20,120
826,Chimeric 8,7,2000000,1,20,120
827,Chimeric 8,7,2000000,1,80,480
828,Chimeric 8,7,2000000,0,0,0
829,Chimeric 8,7,2000000,1,20,120
830,Chimeric 1,7,50000,1,3000,18000
831,Chimeric 1,7,50000,1,40,240
832,Chimeric 1,7,50000,1,5000,30000
833,Chimeric 1,7,50000,0,0,0
834,Chimeric 1,7,50000,1,100000,600000
835,Chimeric 1,7,50000,1,2000,12000
836,Chimeric 1,7,50000,1,1000,6000
837,Chimeric 1,7,50000,1,10000,60000
838,Chimeric 1,7,50000,1,0,0
839,Chimeric 1,7,50000,1,40000,240000
840,Chimeric 1,7,50000,1,20000,120000
841,Chimeric 1,7,50000,1,10000,60000
842,Chimeric 1,7,50000,1,4000,24000
843,Chimeric 1,7,50000,1,300,1800
844,Chimeric 1,7,50000,1,3000,18000
845,Chimeric 1,7,50000,1,0,0
846,Chimeric 1,7,50000,1,100,600
847,Chimeric 1,7,50000,1,10000,60000
848,Chimeric 1,7,50000,1,20000,120000
849,Chimeric 1,7,50000,1,20000,120000
850,Chimeric 1,7,50000,1,2000,12000
851,Chimeric 1,7,50000,1,2000,12000
852,Chimeric 1,7,50000,1,3000,18000
853,Chimeric 1,7,50000,1,1000,6000
854,Chimeric 1,7,50000,1,20000,120000
855,Chimeric 1,7,50000,1,30000,180000
856,Chimeric 1,7,50000,0,0,0
857,Chimeric 1,7,50000,1,20000,120000
858,Chimeric 1,7,50000,1,0,0
859,Chimeric 1,7,50000,1,1000,6000
860,Chimeric 1,7,50000,1,100,600
861,Chimeric 1,7,50000,1,0,0
862,Chimeric 1,7,50000,0,0,0
863,Chimeric 1,7,50000,1,200,1200
864,Chimeric 1,7,50000,1,400,2400
865,Chimeric 1,7,50000,0,200,1200
866,Chimeric 2,7,40000,1,0,0
867,Chimeric 2,7,40000,1,0,0
868,Chimeric 2,7,40000,1,0,0
869,Chimeric 2,7,40000,1,30,180
870,Chimeric 2,7,40000,1,10,60
871,Chimeric 2,7,40000,1,20,120
872,Chimeric 2,7,40000,1,0,0
873,Chimeric 2,7,40000,0,0,0
874,Chimeric 2,7,40000,1,0,0
875,Chimeric 2,7,40000,0,0,0
876,Chimeric 2,7,40000,1,10,60
877,Chimeric 2,7,40000,1,0,0
878,Chimeric 2,7,40000,1,0,0
879,Chimeric 2,7,40000,1,10,60
880,Chimeric 2,7,40000,1,0,0
881,Chimeric 2,7,40000,1,0,0
882,Chimeric 2,7,40000,1,100,600
883,Chimeric 2,7,40000,1,10,60
884,Chimeric 2,7,40000,0,0,0
885,Chimeric 2,7,40000,1,0,0
886,Chimeric 2,7,40000,1,0,0
887,Chimeric 2,7,40000,1,0,0
888,Chimeric 2,7,40000,1,10,60
889,Chimeric 2,7,40000,1,20,120
890,Chimeric 2,7,40000,1,0,0
891,Chimeric 2,7,40000,1,0,0
892,Chimeric 2,7,40000,0,10,60
893,Chimeric 3,7,60000,1,0,0
894,Chimeric 3,7,60000,1,0,0
895,Chimeric 3,7,60000,0,0,0
896,Chimeric 3,7,60000,1,10,60
897,Chimeric 3,7,60000,1,10,60
898,Chimeric 3,7,60000,1,0,0
899,Chimeric 3,7,60000,1,100,600
900,Chimeric 3,7,60000,1,0,0
901,Chimeric 3,7,60000,1,0,0
902,Chimeric 3,7,60000,1,0,0
903,Chimeric 3,7,60000,1,0,0
904,Chimeric 3,7,60000,0,0,0
905,Chimeric 3,7,60000,1,0,0
906,Chimeric 3,7,60000,1,300,1800
907,Chimeric 3,7,60000,1,0,0
908,Chimeric 3,7,60000,1,0,0
909,Chimeric 3,7,60000,0,0,0
910,Chimeric 3,7,60000,1,200,1200
911,Chimeric 3,7,60000,1,0,0
912,Chimeric 3,7,60000,1,10,60
913,Chimeric 3,7,60000,1,100,600
914,Chimeric 3,7,60000,1,0,0
915,Chimeric 3,7,60000,1,100,600
916,Chimeric 3,7,60000,1,200,1200
917,Chimeric 3,7,60000,1,0,0
918,Chimeric 3,7,60000,1,100,600
919,Chimeric 3,7,60000,1,10,60
920,Chimeric 3,7,60000,0,0,0
921,Chimeric 3,7,60000,1,0,0
922,Chimeric 3,7,60000,1,20,120
923,Chimeric 3,7,60000,0,0,0
924,Chimeric 3,7,60000,0,0,0
925,Chimeric 3,7,60000,0,0,0
926,Chimeric 3,7,60000,0,0,0
927,Chimeric 4,7,40000,1,100,600
928,Chimeric 4,7,40000,1,200,1200
929,Chimeric 4,7,40000,0,0,0
930,Chimeric 4,7,40000,1,0,0
931,Chimeric 4,7,40000,0,0,0
932,Chimeric 4,7,40000,1,20,120
933,Chimeric 4,7,40000,1,30,180
934,Chimeric 4,7,40000,1,100,600
935,Chimeric 4,7,40000,1,100,600
936,Chimeric 4,7,40000,1,0,0
937,Chimeric 4,7,40000,1,100,600
938,Chimeric 4,7,40000,1,0,0
939,Chimeric 4,7,40000,1,0,0
940,Chimeric 4,7,40000,1,10,60
941,Chimeric 4,7,40000,1,10,60
942,Chimeric 4,7,40000,1,0,0
943,Chimeric 4,7,40000,1,0,0
944,Chimeric 4,7,40000,1,0,0
945,Chimeric 4,7,40000,1,0,0
946,Chimeric 4,7,40000,1,100,600
947,Chimeric 4,7,40000,1,2000,12000
948,Chimeric 5,7,400000,0,600,3600
949,Chimeric 5,7,400000,1,400,2400
950,Chimeric 5,7,400000,1,1000,6000
951,Chimeric 5,7,400000,0,6000,36000
952,Chimeric 5,7,400000,1,2000,12000
953,Chimeric 5,7,400000,1,3000,18000
954,Chimeric 5,7,400000,1,200,1200
955,Chimeric 5,7,400000,1,700,4200
956,Chimeric 5,7,400000,1,900,5400
957,Chimeric 5,7,400000,1,700,4200
958,Chimeric 5,7,400000,1,4000,24000
959,Chimeric 5,7,400000,1,2000,12000
960,Chimeric 5,7,400000,1,2000,12000
961,Chimeric 5,7,400000,1,2000,12000
962,Chimeric 5,7,400000,1,1000,6000
963,Chimeric 5,7,400000,1,2000,12000
964,Chimeric 5,7,400000,1,800,4800
965,Chimeric 5,7,400000,1,1000,6000
966,Chimeric 5,7,400000,1,1000,6000
967,Chimeric 5,7,400000,1,5000,30000
968,Chimeric 6,7,100000,1,10,60
969,Chimeric 6,7,100000,0,0,0
970,Chimeric 6,7,100000,1,0,0
971,Chimeric 6,7,100000,1,0,0
972,Chimeric 6,7,100000,1,10,60
973,Chimeric 6,7,100000,1,0,0
974,Chimeric 6,7,100000,1,0,0
975,Chimeric 6,7,100000,1,0,0
976,Chimeric 6,7,100000,0,0,0
977,Chimeric 6,7,100000,1,0,0
978,Chimeric 6,7,100000,1,0,0
979,Chimeric 6,7,100000,1,10,60
980,Chimeric 6,7,100000,1,0,0
981,Chimeric 6,7,100000,1,10,60
982,Chimeric 6,7,100000,1,0,0
983,Chimeric 6,7,100000,1,0,0
984,Chimeric 6,7,100000,1,10,60
985,Chimeric 6,7,100000,0,0,0
986,Chimeric 6,7,100000,1,10,60
987,Chimeric 6,7,100000,1,10,60
988,Chimeric 6,7,100000,1,0,0
989,Chimeric 6,7,100000,1,0,0
990,Chimeric 6,7,100000,1,0,0
991,Chimeric 6,7,100000,1,0,0
992,Chimeric 6,7,100000,1,0,0
993,Chimeric 6,7,100000,1,0,0
994,Chimeric 6,7,100000,1,0,0
995,Chimeric 6,7,100000,1,0,0
996,Chimeric 6,7,100000,0,0,0
997,Chimeric 6,7,100000,1,0,0
998,Chimeric 6,7,100000,1,0,0
999,Chimeric 6,7,100000,1,0,0
1000,Chimeric 6,7,100000,1,20,120
1001,Chimeric 6,7,100000,0,0,0
1002,Chimeric 7,7,80000,1,100000,600000
1003,Chimeric 7,7,80000,1,0,0
1004,Chimeric 7,7,80000,1,10000,60000
1005,Chimeric 7,7,80000,1,2000,12000
1006,Chimeric 7,7,80000,1,100,600
1007,Chimeric 7,7,80000,1,200,1200
1008,Chimeric 7,7,80000,1,30,180
1009,Chimeric 7,7,80000,1,0,0
1010,Chimeric 7,7,80000,1,10000,60000
1011,Chimeric 7,7,80000,1,100,600
1012,Chimeric 7,7,80000,1,1000,6000
1013,Chimeric 7,7,80000,1,1000,6000
1014,Chimeric 7,7,80000,1,100,600
1015,Chimeric 7,7,80000,1,0,0
1016,Chimeric 7,7,80000,1,100,600
1017,Chimeric 7,7,80000,1,0,0
1018,Chimeric 7,7,80000,1,1000,6000
1019,Chimeric 7,7,80000,0,0,0
1020,Chimeric 7,7,80000,1,2000,12000
1021,Chimeric 7,7,80000,1,3000,18000
1022,Chimeric 7,7,80000,1,10000,60000
1023,Chimeric 7,7,80000,1,1000,6000
1024,Chimeric 7,7,80000,1,40000,240000
1025,Chimeric 7,7,80000,1,1000,6000
1026,Chimeric 7,7,80000,1,400,2400
1027,Chimeric 7,7,80000,1,2000,12000
1028,Chimeric 8,7,60000,1,0,0
1029,Chimeric 8,7,60000,1,0,0
1030,Chimeric 8,7,60000,1,0,0
1031,Chimeric 8,7,60000,0,0,0
1032,Chimeric 8,7,60000,1,10,60
1033,Chimeric 8,7,60000,1,0,0
1034,Chimeric 8,7,60000,1,0,0
1035,Chimeric 8,7,60000,1,0,0
1036,Chimeric 8,7,60000,1,0,0
1037,Chimeric 8,7,60000,1,0,0
1038,Chimeric 8,7,60000,1,0,0
1039,Chimeric 8,7,60000,0,0,0
1040,Chimeric 8,7,60000,1,0,0
1041,Chimeric 8,7,60000,1,10,60
1042,Chimeric 8,7,60000,1,0,0
1043,Chimeric 8,7,60000,0,0,0
1044,Chimeric 8,7,60000,1,0,0
1045,Chimeric 8,7,60000,1,10,60
1046,Chimeric 8,7,60000,1,0,0
1047,Chimeric 8,7,60000,1,0,0
1048,Chimeric 8,7,60000,1,0,0
1049,Chimeric 8,7,60000,1,0,0
1050,Chimeric 8,7,60000,1,0,0
1051,Chimeric 8,7,60000,1,0,0
1052,Chimeric 8,7,60000,1,0,0
1053,Chimeric 8,7,60000,1,0,0
1054,Chimeric 8,7,60000,1,0,0
1055,Chimeric 8,7,60000,1,0,0
1056,Chimeric 1,7,14000,1,20000,120000
1057,Chimeric 1,7,14000,1,1000,6000
1058,Chimeric 1,7,14000,1,0,0
1059,Chimeric 1,7,14000,1,0,0
1060,Chimeric 1,7,14000,1,100,600
1061,Chimeric 1,7,14000,1,0,0
1062,Chimeric 1,7,14000,1,0,0
1063,Chimeric 1,7,14000,1,100,600
1064,Chimeric 1,7,14000,1,0,0
1065,Chimeric 1,7,14000,1,0,0
1066,Chimeric 1,7,14000,1,200,1200
1067,Chimeric 1,7,14000,1,0,0
1068,Chimeric 1,7,14000,1,10,60
1069,Chimeric 1,7,14000,1,10,60
1070,Chimeric 1,7,14000,1,100,600
1071,Chimeric 1,7,14000,1,0,0
1072,Chimeric 1,7,14000,0,0,0
1073,Chimeric 2,7,20000,0,0,0
1074,Chimeric 2,7,20000,1,0,0
1075,Chimeric 2,7,20000,1,0,0
1076,Chimeric 2,7,20000,1,0,0
1077,Chimeric 2,7,20000,1,0,0
1078,Chimeric 2,7,20000,0,0,0
1079,Chimeric 2,7,20000,1,10,60
1080,Chimeric 2,7,20000,0,0,0
1081,Chimeric 2,7,20000,1,0,0
1082,Chimeric 2,7,20000,0,0,0
1083,Chimeric 2,7,20000,0,0,0
1084,Chimeric 2,7,20000,1,0,0
1085,Chimeric 2,7,20000,1,0,0
1086,Chimeric 2,7,20000,1,10,60
1087,Chimeric 2,7,20000,1,0,0
1088,Chimeric 2,7,20000,1,0,0
1089,Chimeric 2,7,20000,1,0,0
1090,Chimeric 2,7,20000,1,0,0
1091,Chimeric 2,7,20000,1,0,0
1092,Chimeric 2,7,20000,0,0,0
1093,Chimeric 2,7,20000,1,0,0
1094,Chimeric 2,7,20000,0,0,0
1095,Chimeric 2,7,20000,1,10,60
1096,Chimeric 2,7,20000,1,0,0
1097,Chimeric 2,7,20000,1,0,0
1098,Chimeric 2,7,20000,0,0,0
1099,Chimeric 2,7,20000,0,0,0
1100,Chimeric 2,7,20000,1,0,0
1101,Chimeric 2,7,20000,0,0,0
1102,Chimeric 2,7,20000,0,0,0
1103,Chimeric 2,7,20000,1,0,0
1104,Chimeric 2,7,20000,0,0,0
1105,Chimeric 2,7,20000,1,0,0
1106,Chimeric 3,7,10000,0,0,0
1107,Chimeric 3,7,10000,0,0,0
1108,Chimeric 3,7,10000,0,0,0
1109,Chimeric 3,7,10000,0,0,0
1110,Chimeric 3,7,10000,0,0,0
1111,Chimeric 3,7,10000,0,0,0
1112,Chimeric 3,7,10000,0,0,0
1113,Chimeric 3,7,10000,0,0,0
1114,Chimeric 3,7,10000,0,0,0
1115,Chimeric 3,7,10000,0,0,0
1116,Chimeric 3,7,10000,0,0,0
1117,Chimeric 3,7,10000,0,0,0
1118,Chimeric 3,7,10000,0,0,0
1119,Chimeric 3,7,10000,0,0,0
1120,Chimeric 3,7,10000,0,0,0
1121,Chimeric 3,7,10000,0,0,0
1122,Chimeric 3,7,10000,0,0,0
1123,Chimeric 3,7,10000,0,0,0
1124,Chimeric 3,7,10000,0,0,0
1125,Chimeric 3,7,10000,1,10,60
1126,Chimeric 3,7,10000,1,0,0
1127,Chimeric 3,7,10000,1,0,0
1128,Chimeric 3,7,10000,0,0,0
1129,Chimeric 3,7,10000,0,0,0
1130,Chimeric 3,7,10000,0,0,0
1131,Chimeric 3,7,10000,0,0,0
1132,Chimeric 3,7,10000,0,0,0
1133,Chimeric 3,7,10000,0,0,0
1134,Chimeric 3,7,10000,0,0,0
1135,Chimeric 3,7,10000,1,20,120
1136,Chimeric 3,7,10000,0,0,0
1137,Chimeric 3,7,10000,1,20,120
1138,Chimeric 3,7,10000,1,100,600
1139,Chimeric 4,7,10000,0,0,0
1140,Chimeric 4,7,10000,0,0,0
1141,Chimeric 4,7,10000,1,20,120
1142,Chimeric 4,7,10000,0,0,0
1143,Chimeric 4,7,10000,1,20,120
1144,Chimeric 4,7,10000,1,200,1200
1145,Chimeric 4,7,10000,1,100,600
1146,Chimeric 4,7,10000,1,0,0
1147,Chimeric 4,7,10000,1,0,0
1148,Chimeric 4,7,10000,1,0,0
1149,Chimeric 4,7,10000,1,0,0
1150,Chimeric 4,7,10000,0,0,0
1151,Chimeric 4,7,10000,0,0,0
1152,Chimeric 4,7,10000,0,0,0
1153,Chimeric 4,7,10000,0,0,0
1154,Chimeric 4,7,10000,0,0,0
1155,Chimeric 4,7,10000,1,0,0
1156,Chimeric 4,7,10000,1,0,0
1157,Chimeric 4,7,10000,0,0,0
1158,Chimeric 4,7,10000,1,0,0
1159,Chimeric 4,7,10000,1,0,0
1160,Chimeric 4,7,10000,1,10,60
1161,Chimeric 4,7,10000,0,0,0
1162,Chimeric 4,7,10000,0,0,0
1163,Chimeric 4,7,10000,1,10,60
1164,Chimeric 4,7,10000,0,0,0
1165,Chimeric 4,7,10000,0,0,0
1166,Chimeric 4,7,10000,1,0,0
1167,Chimeric 4,7,10000,1,0,0
1168,Chimeric 5,7,200000,1,10,60
1169,Chimeric 5,7,200000,1,10,60
1170,Chimeric 5,7,200000,1,0,0
1171,Chimeric 5,7,200000,1,10,60
1172,Chimeric 5,7,200000,0,0,0
1173,Chimeric 5,7,200000,0,0,0
1174,Chimeric 5,7,200000,1,10,60
1175,Chimeric 5,7,200000,1,0,0
1176,Chimeric 5,7,200000,1,0,0
1177,Chimeric 5,7,200000,1,0,0
1178,Chimeric 5,7,200000,1,0,0
1179,Chimeric 5,7,200000,1,0,0
1180,Chimeric 5,7,200000,0,0,0
1181,Chimeric 5,7,200000,1,20,120
1182,Chimeric 5,7,200000,1,10,60
1183,Chimeric 5,7,200000,1,0,0
1184,Chimeric 5,7,200000,1,0,0
1185,Chimeric 5,7,200000,1,0,0
1186,Chimeric 5,7,200000,1,0,0
1187,Chimeric 5,7,200000,1,0,0
1188,Chimeric 5,7,200000,1,0,0
1189,Chimeric 5,7,200000,1,0,0
1190,Chimeric 5,7,200000,0,0,0
1191,Chimeric 5,7,200000,0,0,0
1192,Chimeric 5,7,200000,1,0,0
1193,Chimeric 5,7,200000,1,30,180
1194,Chimeric 5,7,200000,1,10,60
1195,Chimeric 5,7,200000,1,0,0
1196,Chimeric 6,7,20000,0,0,0
1197,Chimeric 6,7,20000,0,0,0
1198,Chimeric 6,7,20000,0,0,0
1199,Chimeric 6,7,20000,0,0,0
1200,Chimeric 6,7,20000,0,0,0
1201,Chimeric 6,7,20000,1,0,0
1202,Chimeric 6,7,20000,0,0,0
1203,Chimeric 6,7,20000,0,0,0
1204,Chimeric 6,7,20000,0,0,0
1205,Chimeric 6,7,20000,0,0,0
1206,Chimeric 6,7,20000,0,0,0
1207,Chimeric 6,7,20000,0,0,0
1208,Chimeric 6,7,20000,0,0,0
1209,Chimeric 6,7,20000,0,0,0
1210,Chimeric 6,7,20000,0,0,0
1211,Chimeric 6,7,20000,0,0,0
1212,Chimeric 6,7,20000,1,10,60
1213,Chimeric 6,7,20000,0,0,0
1214,Chimeric 6,7,20000,1,0,0
1215,Chimeric 6,7,20000,0,0,0
1216,Chimeric 6,7,20000,0,0,0
1217,Chimeric 6,7,20000,0,0,0
1218,Chimeric 6,7,20000,0,0,0
1219,Chimeric 6,7,20000,0,0,0
1220,Chimeric 6,7,20000,0,0,0
1221,Chimeric 6,7,20000,0,0,0
1222,Chimeric 6,7,20000,0,0,0
1223,Chimeric 6,7,20000,0,0,0
1224,Chimeric 7,7,6000,0,0,0
1225,Chimeric 7,7,6000,0,0,0
1226,Chimeric 7,7,6000,0,0,0
1227,Chimeric 7,7,6000,0,200,1200
1228,Chimeric 7,7,6000,1,0,0
1229,Chimeric 7,7,6000,1,400,2400
1230,Chimeric 7,7,6000,1,3000,18000
1231,Chimeric 7,7,6000,0,0,0
1232,Chimeric 7,7,6000,0,0,0
1233,Chimeric 7,7,6000,1,2000,12000
1234,Chimeric 7,7,6000,0,100,600
1235,Chimeric 7,7,6000,1,1000,6000
1236,Chimeric 7,7,6000,1,3000,18000
1237,Chimeric 7,7,6000,0,0,0
1238,Chimeric 7,7,6000,0,0,0
1239,Chimeric 7,7,6000,0,0,0
1240,Chimeric 7,7,6000,0,0,0
1241,Chimeric 7,7,6000,1,0,0
1242,Chimeric 7,7,6000,0,0,0
1243,Chimeric 7,7,6000,1,100,600
1244,Chimeric 7,7,6000,1,0,0
1245,Chimeric 7,7,6000,1,1000,6000
1246,Chimeric 7,7,6000,0,0,0
1247,Chimeric 7,7,6000,1,300,1800
1248,Chimeric 7,7,6000,0,0,0
1249,Chimeric 7,7,6000,1,300,1800
1250,Chimeric 7,7,6000,1,10,60
1251,Chimeric 7,7,6000,1,0,0
1252,Chimeric 8,7,10000,0,0,0
1253,Chimeric 8,7,10000,0,0,0
1254,Chimeric 8,7,10000,0,0,0
1255,Chimeric 8,7,10000,0,0,0
1256,Chimeric 8,7,10000,0,0,0
1257,Chimeric 8,7,10000,0,0,0
1258,Chimeric 8,7,10000,0,0,0
1259,Chimeric 8,7,10000,0,0,0
1260,Chimeric 8,7,10000,0,0,0
1261,Chimeric 8,7,10000,0,0,0
1262,Chimeric 8,7,10000,0,0,0
1263,Chimeric 8,7,10000,1,0,0
1264,Chimeric 8,7,10000,1,0,0
1265,Chimeric 8,7,10000,0,0,0
1266,Chimeric 8,7,10000,0,0,0
1267,Chimeric 8,7,10000,0,0,0
1268,Chimeric 8,7,10000,1,0,0
1269,Chimeric 8,7,10000,1,0,0
1270,Chimeric 8,7,10000,0,0,0
1271,Chimeric 8,7,10000,0,0,0
1272,Chimeric 8,7,10000,1,0,0
1273,Chimeric 8,7,10000,0,0,0
